taxon	sample	accession	region	date	lineage	clade	aaSubstitutions	status
Mdeo-1|EPI_ISL_444493|Uruguay|2020-03-13	Mdeo-1	EPI_ISL_444493	Uruguay	2020-03-13	A.5	19B	ORF8:L84S	EpiCov/GISAID
UY-1|EPI_ISL_426476|Uruguay|2020-03-16	UY-1	EPI_ISL_426476	Uruguay	2020-03-16	A.5	19B	ORF8:L84S	Este estudio
UY-2|EPI_ISL_426477|Uruguay|2020-03-16	UY-2	EPI_ISL_426477	Uruguay	2020-03-16	A.5	19B	ORF8:L84S	Este estudio
UY-3|EPI_ISL_426478|Uruguay|2020-03-17	UY-3	EPI_ISL_426478	Uruguay	2020-03-17	A.5	19B	ORF8:L84S	Este estudio
UY-4|EPI_ISL_426479|Uruguay|2020-03-17	UY-4	EPI_ISL_426479	Uruguay	2020-03-17	A.5	19B	ORF8:L84S	Este estudio
UY-5|EPI_ISL_426480|Uruguay|2020-03-17	UY-5	EPI_ISL_426480	Uruguay	2020-03-17	A.5	19B	ORF8:L84S	Este estudio
UY-6|EPI_ISL_426481|Uruguay|2020-03-17	UY-6	EPI_ISL_426481	Uruguay	2020-03-17	A.5	19B	ORF1a:T2457K,ORF8:L84S	Este estudio
UY-7|EPI_ISL_426482|Uruguay|2020-03-17	UY-7	EPI_ISL_426482	Uruguay	2020-03-17	A.1	19B	ORF1b:P1427L,ORF1b:Y1464C,ORF8:L84S	Este estudio
UY-8|EPI_ISL_426583|Uruguay|2020-03-17	UY-8	EPI_ISL_426583	Uruguay	2020-03-17	A.1	19B	ORF1b:P1427L,ORF1b:Y1464C,ORF8:L84S	Este estudio
UY-NYUMC844|EPI_ISL_457940|Uruguay|2020-03-17	UY-NYUMC844	EPI_ISL_457940	Uruguay	2020-03-17	A.5	19B	ORF8:L84S	EpiCov/GISAID
UY-NYUMC845|EPI_ISL_457941|Uruguay|2020-03-17	UY-NYUMC845	EPI_ISL_457941	Uruguay	2020-03-17	A.5	19B	ORF1a:R550S,ORF8:L84S	EpiCov/GISAID
UY-NYUMC846|EPI_ISL_457942|Uruguay|2020-03-17	UY-NYUMC846	EPI_ISL_457942	Uruguay	2020-03-17	A.5	19B	ORF8:L84S	EpiCov/GISAID
UY-NYUMC847|EPI_ISL_457943|Uruguay|2020-03-17	UY-NYUMC847	EPI_ISL_457943	Uruguay	2020-03-17	A.5	19B	ORF8:L84S	EpiCov/GISAID
UY-NYUMC848|EPI_ISL_457944|Uruguay|2020-03-17	UY-NYUMC848	EPI_ISL_457944	Uruguay	2020-03-17	B.1	20A	ORF1b:P314L,S:D614G	EpiCov/GISAID
UY-NYUMC849|EPI_ISL_457945|Uruguay|2020-03-17	UY-NYUMC849	EPI_ISL_457945	Uruguay	2020-03-17	A.2	19B	N:S197L,N:S310N,ORF1a:F3071Y,ORF8:L84S	EpiCov/GISAID
UY-NYUMC850|EPI_ISL_457946|Uruguay|2020-03-17	UY-NYUMC850	EPI_ISL_457946	Uruguay	2020-03-17	A.2	19B	N:S197L,N:S310N,ORF1a:F3071Y,ORF3a:G196V,ORF8:L84S,S:I197V	EpiCov/GISAID
UY-NYUMC851|EPI_ISL_457947|Uruguay|2020-03-17	UY-NYUMC851	EPI_ISL_457947	Uruguay	2020-03-17	A.5	19B	ORF8:L84S	EpiCov/GISAID
UY-NYUMC852|EPI_ISL_457948|Uruguay|2020-03-17	UY-NYUMC852	EPI_ISL_457948	Uruguay	2020-03-17	A.5	19B	ORF8:L84S	EpiCov/GISAID
UY-NYUMC853|EPI_ISL_457949|Uruguay|2020-03-17	UY-NYUMC853	EPI_ISL_457949	Uruguay	2020-03-17	B.1	20A	ORF1a:P1096S,ORF1b:P314L,S:D614G	EpiCov/GISAID
UY-NYUMC940|EPI_ISL_480438|Uruguay|2020-03-18	UY-NYUMC940	EPI_ISL_480438	Uruguay	2020-03-18	B.1.195	20A	ORF1b:P314L,S:D614G	EpiCov/GISAID
UY-10|EPI_ISL_429257|Uruguay|2020-03-19	UY-10	EPI_ISL_429257	Uruguay	2020-03-19	B.31	19A	N:D22G,ORF1a:S944L,ORF1a:L3606F,ORF1b:D54Y,ORF1b:V1493L,ORF3a:G251V,ORF9b:I19V	Este estudio
UY-9|EPI_ISL_426584|Uruguay|2020-03-19	UY-9	EPI_ISL_426584	Uruguay	2020-03-19	A.5	19B	ORF8:L84S	Este estudio
UY-NYUMC854|EPI_ISL_457950|Uruguay|2020-03-21	UY-NYUMC854	EPI_ISL_457950	Uruguay	2020-03-21	A.5	19B	ORF3a:G11E,ORF8:L84S	EpiCov/GISAID
UY-NYUMC855|EPI_ISL_457951|Uruguay|2020-03-21	UY-NYUMC855	EPI_ISL_457951	Uruguay	2020-03-21	A.5	19B	ORF8:L84S	EpiCov/GISAID
UY-NYUMC856|EPI_ISL_457952|Uruguay|2020-03-21	UY-NYUMC856	EPI_ISL_457952	Uruguay	2020-03-21	A.5	19B	ORF8:L84S	EpiCov/GISAID
UY-NYUMC857|EPI_ISL_457953|Uruguay|2020-03-23	UY-NYUMC857	EPI_ISL_457953	Uruguay	2020-03-23	B.1.1.33	20B	N:R203K,N:G204R,N:I292T,ORF1b:P314L,ORF6:I33T,S:D614G	EpiCov/GISAID
UY-NYUMC858|EPI_ISL_457954|Uruguay|2020-03-23	UY-NYUMC858	EPI_ISL_457954	Uruguay	2020-03-23	B.1.195	20A	ORF1b:P314L,S:D614G	EpiCov/GISAID
UY-NYUMC859|EPI_ISL_457955|Uruguay|2020-03-24	UY-NYUMC859	EPI_ISL_457955	Uruguay	2020-03-24	B.1.1.1	20D	N:R203K,N:G204R,ORF1a:G3278S,ORF1a:L3606F,ORF1b:P314L,S:D614G	EpiCov/GISAID
UY-NYUMC860|EPI_ISL_457956|Uruguay|2020-03-25	UY-NYUMC860	EPI_ISL_457956	Uruguay	2020-03-25	A.5	19B	ORF8:L84S	EpiCov/GISAID
UY-NYUMC861|EPI_ISL_457957|Uruguay|2020-03-25	UY-NYUMC861	EPI_ISL_457957	Uruguay	2020-03-25	B.1.1.1	20D	N:R203K,N:G204R,ORF1a:T1246I,ORF1a:G3278S,ORF1a:L3606F,ORF1b:P314L,S:D614G	EpiCov/GISAID
UY-NYUMC862|EPI_ISL_457958|Uruguay|2020-03-25	UY-NYUMC862	EPI_ISL_457958	Uruguay	2020-03-25	A.5	19B	ORF8:L84S	EpiCov/GISAID
UY-NYUMC863|EPI_ISL_457959|Uruguay|2020-03-26	UY-NYUMC863	EPI_ISL_457959	Uruguay	2020-03-26	B	19A	N:T265I,ORF1a:L3606F,ORF3a:G251V	EpiCov/GISAID
UY-NYUMC930|EPI_ISL_480428|Uruguay|2020-03-26	UY-NYUMC930	EPI_ISL_480428	Uruguay	2020-03-26	Unassigned	19B	ORF8:L84S	EpiCov/GISAID
UY-NYUMC864|EPI_ISL_457960|Uruguay|2020-03-28	UY-NYUMC864	EPI_ISL_457960	Uruguay	2020-03-28	A.5	19B	ORF8:L84S	EpiCov/GISAID
UY-NYUMC865|EPI_ISL_457961|Uruguay|2020-03-28	UY-NYUMC865	EPI_ISL_457961	Uruguay	2020-03-28	B	19A	N:T265I,ORF1a:L3606F,ORF3a:G251V	EpiCov/GISAID
UY-NYUMC867|EPI_ISL_457963|Uruguay|2020-03-28	UY-NYUMC867	EPI_ISL_457963	Uruguay	2020-03-28	B.1.1.1	20D	N:R203K,N:G204R,ORF1a:T1246I,ORF1a:G3278S,ORF1a:L3606F,ORF1b:P314L,S:D614G	EpiCov/GISAID
